model,r2,mae,mse,rmse
Linear Regression,0.8347593203493601,0.22195537966896878,0.07693606044533799,0.2773735035026561
Gradient Boosting,0.7547433484969543,0.31592971517361673,0.11419149693981816,0.3379223238257842
Random Forest,0.6301898281787,0.3918399999999968,0.17218361599999743,0.41495013676343984
Decision Tree,0.49312714776632316,0.43999999999999984,0.23600000000000007,0.48579831205964485
